김중수,충청남도 청주시 서원구 가락거리,25157,김이박,양식원,011-736-4168,jeonghunsong@example.org,doyunbag,172.24.143.227,188.108.173.225,수익에 중점을 둔 상황에 맞는 융합,Navy
박정식,경상남도 동해시 학동거리 (경숙이이읍),31447,주식회사 박,한의사,032-696-4360,gweonjeongsu@example.net,seoyeon27,192.168.249.89,143.76.238.95,객체 기반의 다중 상태 어댑터,Khaki
손영호,전라북도 부천시 원미구 역삼5길,49412,(주) 이문이,자동조립라인 및 산업용 로봇 조작원,064-718-7062,ybag@example.com,bagbyeongceol,172.31.1.83,215.35.91.165,더 커진 글로벌 인코딩,PowderBlue
박영일,충청남도 부천시 오정구 언주086길 (지연김주읍),47357,(유) 김,아나운서 및 리포터,02-1651-3866,xbag@example.net,geonu20,10.186.43.25,16.54.235.41,강력한 주파수 탐지 가능 솔루션,LightSlateGray
김준혁,대전광역시 금천구 학동길,31947,이주,세무사,055-296-3594,qgang@example.com,sgang,192.168.154.49,219.40.164.151,공개 아키텍쳐 인간자원 예산 관리,Turquoise
김미숙,대구광역시 성북구 봉은사가 (동현이최리),64866,주식회사 박최안,기타 제조관련 기계 조작원,061-927-1831,seoyeong42@example.net,yeonghwan25,10.21.162.249,143.208.178.177,조직화된 확장 보안구역,Thistle
이선영,인천광역시 중구 도산대거리 (춘자김권동),97410,유한회사 윤이장,기타 배달원,061-071-6210,wgwag@example.com,gwagseonyeong,10.234.156.184,134.254.152.227,수익에 중점을 둔 작동 모니터링,Teal
주경숙,세종특별자치시 용산구 오금33가,18448,(유) 이,음식 배달원,053-812-0197,gimyujin@example.net,hwangseonghyeon,172.22.162.119,190.188.63.174,자동화된 역수 프레임,LightSeaGreen
최영철,충청남도 공주시 서초중앙거리,98014,김김,제품 생산관련 관리자,033-322-4325,geonu83@example.net,ci,172.20.179.117,38.120.75.113,융합된 분리된 어댑터,PowderBlue
류광수,충청남도 수원시 반포대266길 (지현박리),44041,주식회사 김박장,응용 소프트웨어 개발자,019-101-4978,ijiu@example.com,yeongjin42,172.22.19.206,27.52.125.151,변경 가능한 지역적 정의,RosyBrown
김정훈,광주광역시 노원구 선릉길 (수빈허박마을),29680,이김,식품/섬유 공학 및 에너지 시험원,070-4759-7974,jungsucoe@example.com,seojun36,172.27.255.250,210.96.140.203,확대된 5세대 시간화,LightGray
임지혜,충청남도 부천시 소사구 서초중앙19길,02775,박이,자산 운용가,043-235-7295,seongseoyeong@example.net,jieuncoe,192.168.110.214,125.241.197.99,최적화된 실행 환경,MediumPurple
안시우,경상남도 군포시 백제고분로,78641,김박박,보험 및 금융 상품 개발자,051-286-5836,xi@example.org,yejungweon,192.168.64.29,77.200.212.8,멀티 레이어 클라이언트 단 설치과정,LightCoral
이영일,충청남도 양주시 도산대가,08283,(주) 김,정보통신관련 관리자,062-925-4825,sangho06@example.org,jihun79,10.236.48.69,210.126.12.255,인체 공학적인 인간자원 고객 만족,Peru
강영환,광주광역시 노원구 압구정174거리,47583,유한회사 성,고무 및 플라스틱 제품 조립원,019-896-5291,eomjunho@example.org,seonghunan,172.29.146.173,203.1.109.15,조절 가능한 가치추가 계층,SteelBlue
이영진,대구광역시 북구 개포로,37916,(유) 최서엄,전기/전자 및 기계 공학 시험원,031-692-7913,gimjia@example.com,ieunji,192.168.32.139,89.201.173.55,줄어든 결합된 능력,PeachPuff
김민석,경기도 고성군 가락87로 (준호김면),22147,(주) 김,인쇄기 조작원,032-896-7302,jinho70@example.org,minsugim,172.23.8.1,160.90.95.198,업그레이드 가능한 24/7 인공지능,DarkOrchid
조은주,서울특별시 금천구 개포가,26341,(주) 류,인사 및 노사 관련 전문가,070-3635-2683,qgim@example.com,sumin63,172.28.148.35,158.218.191.228,더 커진 글로벌 접근,Tan
김채원,대전광역시 금천구 반포대841로 (준영최박마을),71596,(유) 이권성,전기 부품 및 제품제조 기계조작원,032-252-9447,jihungim@example.com,jinu42,10.119.10.87,64.33.49.174,반동적인 확장 벤치마크,NavajoWhite
손병철,부산광역시 강동구 서초중앙542거리,78485,주식회사 허윤황,소방관,044-059-4284,minseo22@example.org,seonyeong98,172.24.233.159,45.117.14.25,융합력있는 멀티 태스킹 지식 기반,DodgerBlue
박숙자,경기도 연천군 백제고분거리 (건우허동),38792,(유) 김이이,자연과학 시험원,043-097-9439,jgim@example.org,fryu,192.168.132.149,177.237.35.252,품질 중심의 클라이언트 단 엔진,Lime
오예준,세종특별자치시 강남구 역삼거리,14747,주식회사 김최류,승강기 설치 및 정비원,018-859-5851,seohyeon02@example.net,iogja,172.19.75.155,170.19.74.212,멀티 채널 분석중인 인터페이스,Cornsilk
이지훈,경상북도 의왕시 양재천224거리 (유진윤김마을),25951,유한회사 유장이,성직자,010-8993-9022,baghyeonju@example.org,yeongil23,192.168.2.25,54.120.249.100,효율적인 무관리 어댑터,DarkViolet
이아름,충청북도 수원시 팔달구 언주거리 (우진김동),33330,(유) 김,환경공학 기술자 및 연구원,064-762-7761,gimhyejin@example.com,hwangseonghun,192.168.179.58,20.168.24.241,공유 가능한 그리드 가능 지원,DodgerBlue
이경희,서울특별시 도봉구 백제고분거리,12746,박이,촬영기사,070-5603-9273,ogsuncoe@example.net,seungmin95,192.168.72.69,56.216.92.135,더 작아진 휴리스틱 소프트웨어,RoyalBlue
이주원,부산광역시 송파구 선릉길 (중수박동),52592,유한회사 김하장,국가/지방 및 공공행정 사무원,052-351-3458,jiweoni@example.net,gimseunghyeon,10.179.33.213,137.223.227.240,총 고도 기반 계층,PaleTurquoise
이영길,세종특별자치시 관악구 도산대89가 (성현조동),88496,이박장,기타 연극/영화 및 영상 관련 종사자,032-248-9943,ygim@example.net,zbag,172.24.27.47,89.77.127.60,올바른 사이즈의 멀티미디어 능력,SeaShell
최민석,서울특별시 양천구 도산대길 (영진신면),09271,이이,기타 제조관련 기계 조작원,044-356-5558,coeeunju@example.com,jindoyun,172.30.188.242,146.213.154.88,확장된 합성물 시간화,PaleGreen
김지은,충청남도 제천시 오금39거리,45758,안박민,기타 채굴 및 토목 관련 종사자,033-899-0201,ryueunseo@example.com,minseo46,10.107.63.88,56.90.36.193,낮은 5세대 정의,MediumSlateBlue
최준혁,충청남도 부천시 소사구 석촌호수거리,00608,최박,기타 서비스관련 단순 종사원,051-731-1443,jimin23@example.com,bagseojun,172.29.115.188,169.176.162.95,최전방 환경 친화적 안내 창구,MediumSpringGreen
