홍성수,울산광역시 강서구 가락가 (정식주면),22240,박김,김치 및 밑반찬 제조 종사원,053-451-6521,dohyeoni@example.org,minjaegim,10.145.89.53,210.24.132.116,총 최적화된 지식 기반,DarkOliveGreen
김정자,서울특별시 구로구 서초중앙가,69889,유한회사 박,응급구조사,010-7391-0399,hayunseo@example.net,igang,192.168.228.246,202.155.143.1,효율적인 선구적 전략,DarkBlue
김순옥,전라북도 오산시 영동대거리 (건우박면),68568,유한회사 김,조사 전문가,031-590-3160,seoyeong28@example.com,jeongsuno,10.10.128.96,181.136.188.65,동기화 무관리 어플리케이션,PaleGoldenRod
이정웅,강원도 수원시 권선구 압구정42거리 (미경박리),46920,조박김,한의사,033-768-7037,ijaeho@example.com,sunja71,192.168.61.255,223.165.20.23,공유 가능한 클라이언트 단 마이그레이션,Khaki
김서현,강원도 인제군 영동대거리 (수빈장이동),03503,(유) 이박김,직업 운동선수,051-577-4264,pi@example.com,zgim,172.27.94.67,144.221.250.190,더 작아진 컨텐츠 기반 접근,PowderBlue
박민재,대전광역시 서대문구 서초대가,55716,주식회사 김이박,내선전공,054-548-3620,ai@example.net,hyeonju89,192.168.255.124,218.123.43.84,객체 기반의 글로벌 설치과정,PaleVioletRed
한성현,울산광역시 서대문구 양재천330로 (옥순손김동),04550,유한회사 강김김,매장계산원 및 요금정산원,016-230-5477,ibag@example.org,hyeonuyun,10.247.136.82,204.7.162.60,변경 가능한 역수 시너지,SeaShell
김성훈,경상북도 강릉시 삼성가,69239,김유,시각 디자이너,033-818-1555,ogu@example.com,qgim,172.26.229.103,31.82.159.5,최적화된 실행 패러다임,Tomato
윤예준,경상남도 계룡시 삼성길,34295,이양,변리사,043-515-8240,gimyeongsun@example.com,yanghyeonjun,10.41.36.141,148.131.164.83,출판된 선구적 보안구역,Cornsilk
김영길,부산광역시 남구 반포대가,30191,진이,금속기계부품 조립원,016-888-2833,hyeonsug30@example.net,minsu56,10.96.63.115,200.251.211.222,복제된 4세대 미들웨어,DeepSkyBlue
이성현,경상남도 음성군 백제고분거리 (성훈김고리),16774,(유) 이,기타 서비스관련 단순 종사원,054-755-7938,jaehyeon36@example.org,seunghyeon12,192.168.71.117,157.6.40.206,모니터링되는 실행 유연성,LightSlateGray
이서영,광주광역시 북구 잠실2가 (민재안김리),53690,김최이,경찰관,019-962-7169,gimyeweon@example.com,ihyejin,192.168.143.185,216.194.89.138,공개 키 스며든 웹 사이트,LightSeaGreen
박민준,전라북도 서천군 도산대길,25039,(유) 황,애완동물 미용사,02-1534-8131,sgo@example.net,li,172.20.80.173,205.159.14.150,수익에 중점을 둔 가치추가 인코딩,MidnightBlue
장보람,강원도 계룡시 삼성566길,71581,유한회사 이박노,기타 건축마감관련 기능 종사원,055-667-6768,pi@example.com,yejincoe,192.168.190.26,39.237.23.81,비전 있는 다이나믹 고객 만족,Coral
김건우,제주특별자치도 안성시 학동424거리 (민재류마을),75050,(주) 김최윤,매표원 및 복권 판매원,032-999-2114,kyun@example.org,areumi,10.69.250.165,93.196.70.2,융합된 멀티 태스킹 인터페이스,DarkMagenta
차지영,경상북도 안산시 상록구 압구정116거리,46355,유한회사 권,표백 및 염색 관련 조작원,02-0794-4646,yangseojun@example.com,gyeonghyi30,172.21.26.204,217.161.45.234,비즈니스 중점적 클라이언트 단 고객 만족,PapayaWhip
김현주,전라북도 홍성군 선릉1길 (민지황읍),77811,유한회사 이이윤,자동차 조립원,055-010-1116,yeongsunhan@example.net,ui,10.7.93.177,32.60.187.106,1:1 무관용 솔루션,SpringGreen
김서연,충청남도 고양시 일산동구 서초중앙692거리,03735,진박백,대학 교육조교,017-533-2285,seojeongsu@example.com,zson,172.22.223.34,187.242.187.45,수익에 중점을 둔 웹 사용 가능 어플리케이션,OliveDrab
이영수,강원도 안성시 언주가 (은주최안읍),29635,(유) 안장황,토목공학 기술자,051-204-5396,fhwang@example.net,baegyunseo,10.202.87.89,157.84.197.234,자동화된 백그라운드 인터페이스,LightGoldenRodYellow
박영숙,세종특별자치시 구로구 테헤란가 (미영송김읍),58244,김한,우편물 집배원,063-766-3729,gimseoyeon@example.com,jongsugweon,192.168.252.32,220.28.4.103,프로그래밍 가능한 4세대 아카이브,PaleVioletRed
황영길,서울특별시 강남구 압구정길,54926,문홍김,주유원,062-355-8429,fgim@example.com,coehyeonu,10.245.246.204,186.132.118.93,강화된 작동 소프트웨어,OliveDrab
이수진,인천광역시 용산구 양재천로,82770,김양,의회의원/고위공무원 및 공공단체임원,064-794-7814,yeongceol95@example.org,sanghun88,10.6.237.67,181.138.124.64,공유 가능한 역수 연합,DimGray
김은서,제주특별자치도 수원시 팔달구 양재천로,50067,주식회사 이이김,물리 및 작업 치료사,033-954-0742,sinmyeongsug@example.net,jinujeon,10.189.69.17,133.193.224.98,복제된 24/7 표준,Lime
이영호,울산광역시 노원구 서초중앙911가,90469,이박,측량 및 지리정보 전문가,018-983-3692,sujinyun@example.com,obae,192.168.147.86,120.1.192.209,인체 공학적인 교훈적 배열,DarkGray
김주원,인천광역시 도봉구 가락38길,66929,(주) 이김박,구두 미화원,052-666-8483,gangjia@example.com,hyeonjugim,192.168.68.113,172.172.74.225,단체 기반의 24/7 생산 능력,Gold
김영자,광주광역시 양천구 역삼13거리,01725,(주) 오,스포츠 및 레크레이션 강사,031-648-5615,hyeonsug75@example.org,gangcunja,172.24.36.200,210.12.122.23,변경 가능한 결정 인공지능,Purple
박도윤,경상남도 양구군 선릉554가 (혜진이동),15869,장김최,투자 및 신용 분석가,016-578-5979,gimeungyeong@example.com,icunja,10.126.220.247,208.185.174.25,자가 이용 가능한 클라이언트 단 시간화,Bisque
고영숙,충청남도 예산군 백제고분6가 (정숙안읍),47374,황이,병무행정 사무원,032-134-9146,gimjongsu@example.com,yeongsuggang,192.168.131.76,105.251.194.251,비전 있는 멀티미디어 미들웨어,Crimson
박영길,대전광역시 구로구 압구정거리,73377,주식회사 박노강,청원 경찰,032-524-0315,bageunseo@example.com,boram05,172.28.174.3,59.41.27.174,유기농 밀착 연합,IndianRed
김정수,경상북도 괴산군 압구정로 (승현김황읍),15220,한이,기타 배달원,011-904-6135,jimin98@example.net,iseojun,10.149.223.242,123.239.209.225,오픈소스 백그라운드 보안구역,Indigo
